No,Category,Name,Author,KeyWords,Top 5 Key Words
1,Religious,AmaWathura,Gurulugomi,"Gurulugomi, Gatapada, Parani, Pali, Attakatha, Jathaka, Kawi, WeeraKatha","Gurulugomi,Gatapada, Parani,Attakatha, Jathaka"
2,Religious,ButhSarana,Widyachakrawarthin,"Widyachakrawarthin, Jathaka, Weera Katha, Parani,Tharasaya, Anukampawa, Badim","Widyachakrawarthin, Jathaka,Parani,Anukampawa,Badim"
3,Religious,Paramartha Wibagaya Sahitha Winayopadeshaya,Witiyala Sri Sarananda Maha Sthawira,"Upadesha, Winaya Karma, Pooja Krama, Daramaya, Srala Basa, ","Srala Basa, Upadesha, Winaya Karma, Pooja Krama, Daramaya"
4,Religious,Pachna Prabha,Thrikunamalaye Ananda Sthawira,"Prachnawa, Weerya, Arisen Ahubudu, Samajaya, Nirwanaya Awabodaya, Seelaya"," Arisen Ahubudu,Nirwanaya, Seelaya,Samajaya,Prachnawa"
5,Religious,Budu Dahama Ha Buddagama,M.M.J Marasingha,"Parinirwanaya, Baudda Ithihasaya, Ethihasika Sthana, Pooja Krama, Wandana Krama, Bikshu","Parinirwanaya,Baudda Ithihasaya, Ethihasika Sthana, Pooja Krama,Bikshu"
6,Religious,Datawanshaya,Mahadharya Wagama Piyarathana Himi,"Indiya, Lankawa, Ethihasika Sthana, Dlada Maligawa, Raja Katha, Samajaya, Parani, Siriith Wirith, Pooja Krama, Yudda","Indiya, Lankawa, Ethihasika Sthana, Dlada Maligawa,  Siriith Wirith"
7,Religious,Maha Bodhi Wansha Granthi Padaya,Gathare Dammapala Himi,"Buuda Charithaya, Sinhala, Sri Maha Bodiya, Wansha Katha, Pali, Gaburu Bashawa,Padya, Atuwa, Sanskrutha, Gadya,","Sri Maha Bodiya,Wansha Katha, Pali, Gaburu Bashawa,Padya"
8,Religious,Pansiya Panas Jathaka Katha Potha Saha Gatum Nirakaranaya,Sarath Hettiarachchi Piyanama,"Gatum, Jathaka Katha, Smajaya, Indiya, Deshapalanika, Pudgalika gatum, Arthikaya, Pawula, Sanskruthiya","Gatum, Jathaka Katha,Smajaya, Indiya, Deshapalanika"
9,Religious,Sahana,Dawamottawe Himi,"Nuwana, Mawa, Adaraya, Saral Basa, Diyunu weeme Krama, Yuthukam, Samajaya, Pawula, Aparihaniya Darma","Mawa, Adaraya, Saral Basa, Aparihaniya Darma, Samajaya"
10,Religious,Baudda Darshanaya Adyanaya,Mahacharya Akirigala Nanda Himi,"Saradarma, Bauuda Darshanaya, Nirwanaya, Karmaya, Gaburu Darmaya, Bawana, Adyapanaya, Antharabawa Sankalpaya","Nirwanaya, Karmaya, Gaburu Darmaya, Bawana,Saradarma"
11,Religious,Chaththalisakara Maha Wipassana Bawanawa,Rerukane Chandawimala Maha Sthawira,"Rerukane Chandawimala Maha Sthawira, Bawana, Karmaya, Nirwanaya, Anithya , Maranaya, Gaburu Darmaya, Suthra, Araya Ashtangika Margaya","Rerukane Chandawimala Maha Sthawira, Bawana, Karmaya, Nirwanaya, Suthra"
12,Religious,Bikshu Bikshununi Prathimoksha Warnanawa,Poojya Panangala Jinarathana Nahimi,"wimukthiya, Bikshu, Prathimokshaya, WishuddiMargaya, Nirwanaya, Gaburu Darmaya, Seelya, Samanthapasadikawa, warnana, Sirith Wirith","Bikshu,WishuddiMargaya, Nirwanaya, Gaburu Darmaya, Seelya"
13,Religious,Kudusika Wiwaranaya,Panditha Waligama Chanarathana Himi,"Wiwarana, Bikshu, Seelaya, Gatha, Sirith Wirith,winaya krma, gaburu Basa","Bikshu, Seelaya,Sirith Wirith,winaya krma, gaburu Basa"
14,Religious,Mahanakama Ha Samanera Bana Daham Potha,Handu Palpola Mahinda Sthawira,"Bikshu, Winaya Krma, Sirith Wirith, Shasanaya, Wiharasthana,Parani, Ethihasika, Sral Basa, Rajawaru","Bikshu, Winaya Krma, Sirith Wirith,Wiharasthana, Ethihasika"
15,Religious,Sadacharawibawiniya,Thotagamuwe Panchamolithissa Himi,"Shasanika, Pali, Budu Guna, Bawana, Pooja Krama, Karma, Nirwanaya, Seelaya, Dewa Sankalpaya"," Pali,Bawana, Pooja Krama, Karma, Nirwanaya"
16,Religious,Baudda Winchanawadaya,Hiripitiye Panchchakiththi Himi,"Nuwana, Gaburu Daramaya, Mokshaya, Nirwanaya, Winchanaya, ","Nuwana, Gaburu Daramaya, Mokshaya, Nirwanaya, Winchanaya"
17,Religious,Manawa Aithiwasikam Pilibanda Baudda Chinthanaya,Acharya Palanwatte Dammathilaka Himi,"Manushheya, Ithiwasikam, Samajaya, Aluth, wimukthiya, Mahanakama, Samajaya, Sarala Basa"," Samajaya, Sarala Basa,Bikshu,Aluth, wimukthiya"
18,Religious,Bududahamin Pilibibu wana Pelabim Nyaya,Rajakeeya Panditha Balangoda Sobitha Himi,"Mithya, Manusheeya, Winchanaya, HethuPala darmaya","Mithya, Manusheeya, Winchanaya, HethuPala darmaya,Gaburu basa"
19,Religious,Buddagama Mithyawa Saha Niwana,Ananda Senarathna,"Drmaya, Nirwanaya, Aluth, Kopaya, Pooja Krama, Meeythiriya, Sathiya, Maranaya, Bawana","Sathiya, Maranaya, Bawana,Pooja Krama,Nirwanaya"
20,Religious,Metherin Etherata,Madagoda Abayathissa Himi,"Madagoda Abayathissa Himi, Ama Gagula, Karmaya, Wimukthiya, Saral Basa, Gaburu Darmaya, Karma, Darmaya, Saral Basa,Patichchasammuppadaya, Loka Winashaya","Madagoda Abayathissa Himi,Ama Gagula, Karmaya,Sarala Basa, Patichchasammuppadaya"
21,Religious,Prabudda,Ahalepola Mahinda Himi,"Punarbawaya, Patichchasamuppadaya, Athmaya, Sharshthriya, ","Punarbawaya, Patichchasamuppadaya, Athmaya, Sharshthriya, Maranaya"
22,Religious,Sath Piyuma,Lakshman Kahatapitiya,"Diyunuwa, Uthsahaya , weera, Seelaya, Darama Margaya, Gburu basa,","Diyunuwa, Uthsahaya , weera, Seelaya, Gburu basa"
23,Religious,Budun Wadala Kshana Wadaya,Kularathna Nakkawaththa,"Thriwidya, Wimukthiya, Hethupala Darmaya, Maranaya, Gburu darmaya, sarala basa","Thriwidya, Wimukthiya, Hethupala Darmaya, Maranaya, Gburu darmaya"
24,Religious,Ama Gagula,Madagoda Abayathissa Himi,"Madagoda Abayathissa Himi, Metherin Etherata, Snsaraya, Karma, Loka winashaya, Nirwanaya, Patichchasamuppadaya,Wyakarana","Madagoda Abayathissa Himi,  Karma,  Nirwanaya, Patichchasamuppadaya,Wyakarana"
25,Religious,Winaya Karma Potha,Rerukane Chandawimala Maha Sthawira,"Winaya krma, Rerukane Chandawimala Maha Sthawira, Sirith Wirith, Bikshu, Katin Pinkam, ","Winaya krma, Rerukane Chandawimala Maha Sthawira, Sirith Wirith, Bikshu, Katin Pinkam"
26,Religious,Abhidarma Sammuchchiya,Henpitagedara Chanaseeha Himi,"Abhidarmaya, Pali, Gaburu Darmaya, Mahayana Darmaya, Karma, Punarbawaya,Chathurarya Sathyaya","Abhidarmaya, Pali, Mahayana ,Punarbawaya,Chathurarya Sathyaya"
27,Religious,Abidarmarartha Darma Sangrahaya,Rerukane Chandawimala Maha Sthawira,"Rerukane Chandawimala Maha Sthawira, Kusal Akusal, Sitha, Abidarmaya, Gaburu Darmaya","Rerukane Chandawimala Maha Sthawira, Kusal Akusal, Sitha, Abidarmaya, Gaburu Darmaya"
28,Religious,Bikshu Bumikawa,Poojya Aththangane Sasanarathana Himi,"Bikshu, Winaya Krma, Sirith Wirith, Shasanaya, Sarala Basa, Samajeeya, Ithihasika","Bikshu, Winaya Krma, Sirith Wirith, Sarala Basa, Ithihasika"
29,Religious,Wishuddi Marga Maha Sannasa,Poojya Agalakada Sirisumana Himi,"Wishuddi Marga Maha Sannasa, Parani, Saral Basa, Seelaya, Prachnawa,","Wishuddi Marga Maha Sannasa, Parani, Saral Basa, Seelaya, Prachnawa"
30,Religious,Wishuddi Margaya,Buddagosha Himi,"Buddagosha Himi, Parani, Ethihasika, Atta Katha, Palai, Sanskrutha, Nikaya Darama","Buddagosha Himi, Parani, Ethihasika, Atta Katha, Palai"
31,Religious,Islam Ithihasaya,M.A Mohomad,"Islam, Nani Nayaka Thuma, Ithihasika, Muhammad Thuma, Allah Dewiyan, Arabi, Samajya, Sirith wirith, ","Islam, Nabi Nayaka Thuma, Ithihasika, Muhammad Thuma,  Arabi, "
32,Religious,Sathyaye Nimeshaya,Suho Okawa,"Daramaya, Japanaya, Dew Lowa, Sathuta, Adayathmika Katha, Deshana","Daramaya, Japanaya, Dew Lowa,  Adayathmika Katha, Deshana"
33,Religious,Thawo Dahama,Acharya Polgaswatte Paramannda Himi,"Two Darmaya, Sahithya, Sirith Wirith, Ethihasika, Purawurtha, Dew Lowa,Cheenaya, Japanaya","Tawo Darmaya,  Ethihasika, Purawurtha,Cheenaya, Japanaya"
34,Religious,Thawo ,S.H. Perera,"Tawo Darmaya, Cheenaya, Bawana, Gaburu darmaya, Manusheeya, Japanaya","Tawo Darmaya, Cheenaya, Bawana, Gaburu darmaya,  Japanaya"
35,Religious,Nabi nayaka Charithaya,M.Mu. Uwais,"Nabi Nayaka Thuma, Jiwitha Katha, Parani, Muslim, Sirith wirith, Adarashwath kataha, Charith kataha, islam Darmaya","Nabi Nayaka Thuma, Jiwitha Katha, Parani, Muslim,Charith kataha"
36,Religious,Bagawath Geethawa,H. Sangadasa Perera,"Wishwaya, Lokaya, Indiya, Parani, Hindu, Dewa ","Wishwaya, Lokaya, Indiya, Parani, Hindu, Dewa "
37,Religious,Maha Barathaya,Mahacharya Sucharitha Gamlath,"Indiya,Hindu, Dewa , Raja, Parani, Ethihasika, Weera, Yudda, kataha","Indiya,Hindu, Dewa , Parani,Weera"
38,Religious,Weda Geetha Sambawana,A.S Balasooriya,"Chathurwedaya, Sobadahama, Parisaraya, Gadya, Padya, Wiwaranaya, Samajaya, Kalawa, Indiya","Chathurwedaya, Sobadahama,  Gadya, Padya,Indiya"
39,Religious,Upanishad,C.A Don Senewirathna,"Hindu, Dewa , Brahmana Sankalpa, Wedanawa, Darmaya, Maranya, Anithya, Indiya, Parani","Hindu, Dewa ,  Maranya,  Indiya, Parani"
40,Religious,RamayanaYathra,Saman Chandrasingha,"Premanwitha, Weera, Raja, Indiya, Parani, Sri Lankawa, Ethihasika, Purawurtha,  Walmiki, Hindu, Dewa ","Premanwitha, Parani, Purawurtha,  Walmiki, Hindu"
41,History,Seethawaka Urumaya,"Prishantha Gunawardhana, Gamani Adhikari","Seethawaka, Prag ithihasika thorathuru, Rajya thanthraya, Wasthuwidyawa, Sahithya, Samaja, Arthika, Boodarshanaya, Paththini Dewalaya, Alagiyawann Mukaweti","Seethawaka, Prag ithihasika thorathuru, Rajya thanthraya, Wasthuwidyawa, Alagiyawann Mukaweti"
42,History,Seethawaka Rajadhaniye Unnathiye da Awanathiye da Samahara Ansha Pilibada Wimarshanayak,Mahacharya Risiman Amarasingha,"Seethawaka, Wijayaba Kollaya, Mayadunne, Palaweni Raajasinha, Mulleriya satana, Weediya Bandara,Udarata, Saahithya, Aarthikaya, Yudha sanwidanaya","Seethawaka, Wijayaba Kollaya, Mayadunne, Palaweni Raajasinha, Mulleriya satana"
43,History,Seethawaka Raajasinhage nonimi mehewara,Neel Ranawaka,"Sinhala Raajadhani, Seethawaka, Greeka Dharshanaya, Hayawana Parakramabahu, Sapumal kumaru, Wijayaba kollaya, Udarata Radhalawaru, Saranagatha Uwadura, Aadi, Mulleriya satana  ","Seethawaka, Greeka Dharshanaya, Hayawana Parakramabahu,  Wijayaba kollaya, Mulleriya satana"
44,History,Seethawaka Yugaye Purawidhyathmaka ha Ithihasika sthana,S.A. Amitha Withana,"Seethawaka, Berendi Koowila, Purawidhya natabun, Saman Dhewala, Paththini Dhewala,Katharagama Dhewala, Wehera wihara, Hindhu Aagama, Janaprawada,  Batadhoba lena","Seethawaka, Berendi Koowila, Purawidhya natabun,Hindhu Aagama, Batadhoba lena"
45,History,Etha Atheethye Lankawe Landhesi Aakramanikayinge Dhina satahan ha waartha.,Nissanka Perera,"Landhesi, Pruthugrisi, Dhina satahan, Prabhuu lipi, Kerali, Muhudhu marga, Givisum, Balakotu, Weralasanna pradhesha, Kandha Udarata, Dheshatana wartha","Landhesi, Pruthugrisi, Kandha Udarata, Dheshatana wartha, Kerali"
46,History,Parangi Kootte,Tikiri Abesingha,"Parangi, Kootte, Udarata, Dheshapalanaya, Yudha katayuthu, Kathoolika, Aarthikaya, Palana kramaya, Idam bukthi kramaya, Kerali ","Parangi, Kootte, Udarata, Idam bukthi kramaya, Kerali"
47,History,Udarata sansKruthika abhimanaya,G. Ulluwisheewa,"Udarata, Kula Kramaya, Jana Saahithya, Govithena, Edahili ha viswasa, Uthsawa, Sirith Wirith, Koolmura kawi, Kadaim kawi, Sakapooru kawi","Udarata, Kula Kramaya, Jana Saahithya, Govithena, Edahili ha viswasa"
48,History,Amurthapura Wyasanaya,A. K. Thilakarathna,"Lanka  Ithihasaya, Dharmadhweepaya,Hela Ithihasaya, Piriheema, Aagamika, Sanskruthika, Deshapalana, Samaja, Aarthika, Yaksha ha Naga goothra ","Lanka  Ithihasaya, Dharmadhweepaya,Hela Ithihasaya, Yaksha ha Naga goothra, Deshapalana"
49,History,Wallipuram Ran Sannasa ha Hela Urumaya,Sirisaman Wijethunga,"Wallipuram Ranpatha, Budupilima Nirmanaya, Purawidhyawa, Mahindhagamanaya, Kushtaraajagala, Awalookitheshwara, Panaakaduwe Thabha sannasa, Rajagala, Girihadu Seeya, Sithulpawwa, Dhutugemunu","Wallipuram Ranpatha, Rajagala, Girihadu Seeya, Dhutugemunu, Maha parakramabahu"
50,History,Lanka Ithihasaye Hela Yugaya,Aacharya Sooriya Gunaseekara,"Hela Shishtacharaya, Asura Adhirajya, Raawana, Hela Guwanyana, Shila lipi, Pulasthi Isiwara, Dewa Wanshaya, Sinhala Yugaya, Baudda, Raama"," Raawana, Hela Guwanyana, Shila lipi, Pulasthi Isiwara, Raama"
51,History,Lankawe Samaja ha Sanskruthika Ithihasaya,Mahacharya S. B. Hettiarachchi,"Sanskruthika, Perani, Samaja Kramaya, Kulaya, Wiwahaya, Kaanthawa, Grama Sankalpaya, Nee sabadhatha, Sirith Wirith, Karmaantha","Sanskruthika, Samaja Kramaya, Kulaya, Wiwahaya, Grama Sankalpaya"
52,History,Dheshaye Asahaya Wimukthidhayakaya Maha Wijayabahu,Gunasena Gamage,"Maha Wijayabahu, Solee Adhirajya, Keerthi Kumaru, Satan, Paluttagiri Sangramaya, Roohana Dheshaya, Palawana Rajaraja Choola, Anuradhapura Yugaya, Kerali, Yuga purusha","Maha Wijayabahu, Solee Adhirajya,Satan,Palawana Rajaraja Choola, Anuradhapura Yugaya"
53,History,Anuradhapura Maha Wiharaya,Wasantha Sanjeewa Hettiarachchi,"Anuradhapuraya, Maha Wiharaya, Natabhun, Wasthu Widhyawa, Muurthikarma, Kala Nirmana, Purawidhyawa, Waahalkada, Ruwanweli maha seeya, Thuuparamaya","Anuradhapuraya, Maha Wiharaya, Natabhun, Wasthu Widhyawa, Ruwanweli maha seeya"
54,History,Sri Lanka Ithihasaya,Nadheesha Sharmali Gunawardhana,"Anuradhapuraya, Pandukabhaya Raja, Dheewanampiyathissa Yugaya, Mahawanshaya, Elara, Dhutugemunu Raja, Wattagamini Abhaya, Wasabha, Mahasen, Dhathusena, Seegiri Kashayapa, ","Anuradhapuraya, Pandukabhaya Raja, Dheewanampiyathissa Yugaya, Elara, Dhutugemunu Raja"
55,History,Yata giya Ape Urumaya 1,Udheeni Chandrasiri,"Magadha Rajya, Maurya Adhirajya, Prag ithihasika yugaya, Rawana Raju, Rama, Siw Helayan, Seetha, Wijaya Raju, Sellipi, Dheewanampiyathissa raju","Magadha Rajya, Maurya Adhirajya, Prag ithihasika yugaya, Rawana Raju, Rama"
56,History,Brahmachari Walisinha Harishchandrage Anuradapura nam u Puujaneeya Nagaraya,Upali Rathnayaka,"Anuradhapuraya, Mahamega udhyanaya, Dheewanampiyathissa raju, Maha Seemawa, Bududhahama, Perahera, Aagamika Widhyala,  Dhumindhagamanaya, Thuuparamaya, Mirisawetiya,Ruwanweli maha seeya","Anuradhapuraya, Mahamega udhyanaya, Dheewanampiyathissa raju, Dhumindhagamanaya,Ruwanweli maha seeya"
57,History,Widheshiya Aakramana ha Lankawe Wimukthi Satan ,A. M. Karunathilaka,"Ramage Aakramanaya, Wijaya, pandukaabaya, Murundashiwa, Seena Guththika, Sathdrawida, Wimukthi Satan, Dhutugemunu, Walagamba, Ithihasika Mulashra","Ramage Aakramanaya, Wijaya, pandukaabaya, Sathdrawida, Wimukthi Satan,"
58,History,Pileethiyas Dhutu Lankawa,Palitha Jayakodi,"Pileethiyas, Lankawe Rajawanshaya, Jeewana thathwaya, Aagama, Charithra Warithra, Prasthawa pirulu, Kootte, Udarata, Landheesi, Prithugreesi, Dheshatana","Kootte, Udarata, Landheesi, Prithugreesi, Dheshatana"
59,History,Udarata Withthi,P. M. P. Abhayasinha,"Udarata, Dewana Rajasinha, Narendrasinha, Sangaraja Kathikawatha, Mahanuwara, Sandhesha, Sathara Maha Dhisawa, Ata Disawa,Mohottala, Janakatha","Udarata, Dewana Rajasinha, Narendrasinha, Sangaraja Kathikawatha, Mahanuwara"
60,History,Abhulabhe Gama,Senewi Epitawaththa,"Abhulabhe Gama, Edahili ha Wishwasa, Heen Gowithena, Wiwahaya, Awamangala charitra, Kula Kramaya, Sanniwedanaya, Gemi Krida, Prawahana krama, Idam Bukthi Krama","Abhulabhe Gama, Edahili ha Wishwasa, Heen Gowithena, Wiwahaya, Idam Bukthi Krama"
61,History,Mahacharya Wilhelm Gaigar Asirimath Lankawa,Mahindha Pathirana,"Deshata wartha, Lankawe pihitima, Nishpadhana, Landheesi, Ingrisi, Udarata, Rathnapuraya, Kuruneegala, Rodin, Dhaladha ithihasaya, Anuradhapuraya, Mihinthalaya","Deshata wartha, Landheesi, Ingrisi, Udarata,  Anuradhapuraya"
62,History,Sinhale Wimukthi Sanana,Sumedha Weerawardhana,"Wimukthi Satan, Ahelepola Maha Adhikaram, Uwa wellasse nidhahas satana, Kohukubhure raterala, Wedhi Janaya, Jathika Weerayo, Kerali, Muslimwaru, Dheshapalanaya, Saskruthiya, Samaja Thathwaya ","Wimukthi Satan, Ahelepola Maha Adhikaram, Uwa wellasse nidhahas satana, Kohukubhure raterala, Wedhi Janaya"
63,History,Neela Maha Yuwaraja Parapura,Hemal Gamage,"Roohanaya, Lambhakarana Raja Pelapatha, Gajabha Raju, Neela Maha Yoodhaya, Neeala Maha Yuwaraja, Godawaya sellipiya, Ankota Hatana, Wallipuram Ranpatha, Pththini Edahilla, Ganaruwa kathawa","Wallipuram Ranpatha, Lambhakarana Raja Pelapatha, Gajabha Raju, Neeala Maha Yuwaraja, Godawaya sellipiya"
64,History,19 wana Siyawase Sri Lankawe Jathika Aagamika Aragala,Siri Thilakasiri,"Aragala, Lakminipahane Jathika satana, Siloon leeg Satana, Sinhala Puwathpath, Badhdhegama Wadhaya, Panadure Wadhaya, Widhyodhaya Piriwena, Henri Steel Olkatthuma, Anagarika Dharmapalathuma, Sarasawi Sadharesa"," Badhdhegama Wadhaya, Panadure Wadhaya, Widhyodhaya Piriwena, Henri Steel Olkatthuma, Anagarika Dharmapalathuma"
65,History,Uwa Wellassa Kendra kotagath Dhesha Wimukthi Satana(1817-1818),Athipujya Nuwaraeliye Chandrajoothi Mahanahimi,"Wimukthi Satan, Udarata, Pruthugrisi ha Landhesi, Ingrisi, Udarata Giwisuma, Uwa Wellassa, Jathika Weerayo, Rajya palanaya, Parampara Nama, Bhikshun Wahanselage Maga Penweema","Wimukthi Satan, Udarata, Pruthugrisi ha Landhesi, Ingrisi,Uwa Wellassa"
66,History,Mahawanshaya ha Sri Lankawe Ithihasa Sampradhaya,Mangala Inangasinha,"Mahawanshaya, Bharathaya, Sri Lankawa, Anuradhapuraya, Budhu Dhahama, Dhesha Gaweshakayange yugaya, Rajya Prabhawaya, Kalyani, Magama, Sanskruthiya","Mahawanshaya, Bharathaya, Sri Lankawa, Anuradhapuraya, Budhu Dhahama, "
67,History,Idhuwara Paryeshanathmaka Lekhana Sangrahaya Ithihasaya,"Dhaya Amarasekara, Rohitha Dhasanayaka","Prag Ithihasika Yugaya, Peranima Lekhana, Wari Thakshanaya, Rajya, Rajyathwaya, Islam Dharmaya, Udarata, Dhumriya Sewaya, Wathu Kramaya, Kankani Kramaya, Nidhahas Shrama Weladhapola","Prag Ithihasika Yugaya,  Wari Thakshanaya, Rajyathwaya, Islam Dharmaya, Udarata"
68,History,Dhilli Sulthan Rajya,W. M. K. Wijethunga,"Dhilli Sulthan Rajya, Islam Dharmaya, Muslim Rajya, Arabi Akraman, Thurki akramana, Dheshapalaya, Wasthuwidhyawa, Sahithya, Aarthikaya, Saskruthiya, Indheeya Ithihasaya","Dhilli Sulthan Rajya, Islam Dharmaya, Thurki akramana, Dheshapalaya, Wasthuwidhyawa"
69,History,Purathana Indheeya Shishtacharaya,H. T. Basnayaka ,"Shishtachara, Indhu nimna, Waidhika, Magadha Adhirajya, Maurya Adhirajya, Solos Maha Janapadha, Sunga Rajapelapatha, Aakramana, Kushana Yugaya, Sathawahana Yugaya, Guptha Adhirajya"," Indhu nimna, Waidhika, Magadha Adhirajya, Maurya Adhirajya, Solos Maha Janapadha,"
70,History,Muugal Indhiyawa,W. M. K. Wijethunga,"Muugal Adhirajya, Maha Akbar Raju, Sha Jahan, Tajmahala, Wasthuwidhyawa, Suur Rajawanshaya, Rajaputhrawaru, Sahithya, Deshapalanaya, Sikwaru","Muugal Adhirajya, Maha Akbar Raju, Sha Jahan, Tajmahala, Wasthuwidhyawa"
71,History,Indheeya Shishtacharaya 2,"H. T. Basnayaka, Yamuna Herath","Harshawardhana Raju, Paala Rajapelapatha, Prathihara rajya, Rashtakuuta Rajya, Chalukya Rajapelapatha, Pallawa, Choola, Paandya, Wijayanagar, Muslim Aakramana, Budhusamaya, Hindhu Aagama","Harshawardhana Raju, Paala Rajapelapatha, Prathihara rajya, Rashtakuuta Rajya, Muslim Aakramana"
72,History,Aprikanu Wanantharaye Sethapum Wisidhahasak,Sujeewa Dhisanayaka,"Aprikawa, Wananthara, Mosi Oa Tunya, Hoyo kandha, Kiw Wila, Kalu Dhewiyo, Jamboo Bwana, Bambutihi Sulthan, Pigmiwaru, Sajeewa Thanabima","Aprikawa, Mosi Oa Tunya, Hoyo kandha, Kiw Wila, Kalu Dhewiyo"
73,History,Amerika Eksath Janapadha Ithihasaya 1945-1989,Ukku Banda Karunanandha,"Dhewana Loka Yudhdhaya, Seethala Yudhdhaya, Truuman Aisanhawar, Kenadi Jonsan, Niksan Ford, Kaatar Regan, Amerikawa, Dheshapalanaya","Dhewana Loka Yudhdhaya, Seethala Yudhdhaya, Truuman Aisanhawar, Amerikawa, Dheshapalanaya"
74,History,Amerika Eksath Janapadha Ithihasaya 1877-1945,Ukku Banda Karunanandha,"Amerikawa, Dheshapalanaya, Siwil Yudhdhaya, Dhewana Looka Yudhdhaya, Bolran Yugaya, Pragathishili Yugaya, Saubhagya, Awapathaya","Amerikawa, Dheshapalanaya, Siwil Yudhdhaya, Dhewana Looka Yudhdhaya, Bolran Yugaya"
75,History,Lookaye Purana Shishtachara Ijipthuwa,Malinga Amarasinha,"Ijipthuwa, Shishtachara, Sanskruthiya, Wasthuwidhyawa, Pirameeda, Nail Nimnaya, Thakshanaya, Kalawa, Orisis Dhewiyan, Remasees Raju, Dhewa Sankalpaya, Purana Yuga","Ijipthuwa, Wasthuwidhyawa, Pirameeda, Nail Nimnaya, Orisis Dhewiyan"
76,History,Pinbara Thailanthaya Hadhuna Ganimu,Gamini Paliheena,"Thailanthaya, Dhew Raju Sankallpaya, Gruha nirmana Shilpaya, Muurthi Shilpaya, Sangeethaya, Natya ha Nruthya, Kathro Kridawa, Bududhahama, Ayuthya Yugaya, Dhewana looka Yudhdhaya, komiyunistwadhaya, Benkok, Chiyenmaai Pranthaya, Lampuun Pranthaya","Thailanthaya, Dhew Raju Sankallpaya, Gruha nirmana Shilpaya, Kathro Kridawa, Bududhahama"
77,History,Yuroopaya,Gamini Paliheena,"Yuroopaya, Dhewana pilp Raju, Palamuweni Elisabeth Rejina, Pranshaye Siwil Yudhdha, Westpeliya Giwisuma, Spanknknaya, Geleeliyo Gelili, Aisek Niutan, Shekspiyar, Nepoliyan Bonapat, Jin Jekees Ruusoo, Peris Giwisuma","Yuroopaya, Dhewana pilp Raju, Palamuweni Elisabeth Rejina, Geleeliyo Gelili, Aisek Niutan"
78,History,Rusiyanu Wiplawaye Sakshikarayo,"Seenarathna Weerasinha, W. A. D. Tiyudar","Rusiyawa, Wiplawaya, Bolshewik wadhaya, Pransis Fardinand Kumaru, Dheshapalanaya, Komiyunitswadhaya, Saar Paula, Saarwadhihu","Rusiyawa, Wiplawaya, Bolshewik wadhaya, Pransis Fardinand Kumaru, Komiyunitswadhaya"
79,History,Liyon Trotski Rusiyanu Wiplawaye Ithihasaya,T. Andhradhi,"Rusiyawa, Wiplawaya, Militari Wiplaweeya Kamituwa, Lenin, Wintar Maligaya, Komiyunitswadhaya, Soowiyat Samaluwa, Gowi Janathawa","Rusiyawa, Wiplawaya, Militari Wiplaweeya Kamituwa, Lenin, Komiyunitswadhaya"
80,History,Nodutu Japanaya,Sunil Siriwardhana,"Japanaya, Hana Mathsuri, Aahara Sanskruthiya, Sethsubun Uthsawaya, Kafun Sho, Hotharu Mathsuri, Onsen, Othenki, Bummejin, Osogathsu","Japanaya, Hana Mathsuri, Aahara Sanskruthiya, Sethsubun Uthsawaya, Hotharu Mathsuri"
81,Novel,Gamperaliya,Martin Wichramasinghe,"Gama, Jana Jeewithaya, Aahara, Hageem, Rathriya, Biya, Birinda, Saarthaka, Aadaraya, Amma","Gama, Jana Jeewithaya, Hageem, Aadaraya, Biya"
82,Novel,Okkoma Rajawaru,T.B Ilangarathna,"Gahaniya, Minisun, Aya, Gama, Jana Jeewithaya, Sirith, Hageem","Gama, Jana Jeewithaya, Hageem, Sirith, Gahaniya"
83,Novel,Dedunna,Shaanthi Disanayake,"Sundara, Premaya, Mihiri, Nawa Yowun, Rasabara, Lassana, Kandulu, Duka, Wedana","Premaya, Nawa Yowun, Kandulu, Duka"
84,Novel,Nikini,Shaanthi Disanayake,"Sathuta, Shookaya, Pasuthawili, Ridena, Kandulu, Sinahawa, Rasbara, Mihiri, Wedana","Sathuta, Shookaya, Sinahawa, Kandulu, Wedana"
85,Novel,Warna,Shaanthi Disanayake,"Wedana, Sanasiima, Ahasa, Gahaniya, As, Husma, Kandulu, Ralu, Asarana, Hadawatha","Wedana, Kandulu, Gahaniya, Ralu, Asarana"
86,Novel,Wara Mal,Shaanthi Disanayake,"Gama,Jana Jeewithaya, Awyaaja, Aadaraya, Premaya, Sathuta, Kandulu, Susum, Gahaniya","Gama, Jana Jeewithaya, Awyaaja, Aadaraya, Kandulu"
87,Novel,Paradhal,Shaanthi Disanayake,"Premaya, Jeewithaya, Aadaraya, Sathuta, Kandulu, Duka, Shookaya, Hageem, Handum","Premaya, Kandulu, Sathuta, Duka, Hageem"
88,Novel,Hondama Potha,T.S Dharmabandhu,"Kandulu, Pasuthawilla, Ralu, Shookaya, Susum, Sathuta, Duka, Sathuta, Hageem","Kandulu, Shookaya, Sathuta, Duka, Susum"
89,Novel,Tharuniya Muudu Yai,T.S Dharmabandhu,"Tharuna, Muhuda, Ira, Handa, Sukumaala, Kandulu, Shookaya, Susum, Duka, Raathriya","Muhuda, Kandulu, Shookaya, Susum,Duka"
90,Novel,Ira Sewaya,T.S Dharmabandhu,"Nawa Yowun, Gahaniya, Sirith, Veera, Udaara, Wipatha, Wiwaahaya, Gama, Jana Jeewithaya","Nawa Yowun, Sirith, Veera, Gama, Jana Jeewithaya"
91,Novel,Asura Widilla,T.S Dharmabandhu,"Aadaraya, Premaya, Sathuta, Wiwaahaya, Mangala, Shookaya, Kanagaatuwa, Duka","Aadaraya, Sathuta, Shookya, Duka, Kanagaatuwa"
92,Novel,Api Yaalui,Anula De Silva,"Hageem, Sitha, Biya, Sathuta, Pawula, Sambandhatha, Iranama,Kamaththa","Hageem, Sathuta, Biya, Sambandatha, Iranama"
93,Novel,Yasoodarige Sangraamaya,Anula De Silva,"Kandulu, Shookaya, Susum, Wedana, Sitha, Raathriya, Nihanda, Gama, Jana Jeewithaya","Kandulu, Shookaya, Susum, Gama, Jana Jeewithaya"
94,Novel,Awith Giyaa,Sirisena Maitipe,"Gama, Jana Jeewithaya, Samaajaya, Aparadha, Susum, Marabiya, Biya,Saakshi, Kanagaatu","Gama, Jana Jeewithaya, Samaajaya, Aparadha, Marabiya"
95,Novel,Panapitin Narakaadiyata,Sirisena Maitipe,"Rahas, Apaaya, Sohona, Kuthuhalaya, Wipaaka, Pisthoola, Biya, Aparadha","Rahas, Kuthuhalaya, Biya, Aparadha, Pisthoola"
96,Novel,Agaharu Lowa Sathi Dekak,Sirisena Maitipe,"Rahas, Balaporoththu, Unusuma, Lassana, Ramaniiya, Nihanda, Sathuta, Kuthuhalaya","Rahas, Kuthuhalaya, Balaporoththu, Nihanda, Sathuta"
97,Novel,Aparadhayakin Pasu,Sirisena Maitipe,"Gahaniya, Kanthaawa, Tharuniya, Aashaawa, Raathriya, Sohona, Nihanda, Duka, Shookaya","Gahaniya, Shookaya, Nihanda, Duka, Sohona"
98,Novel,Niraasha,Chandrasekara Mallawaarachchi,"Gahaniya, Kanthaawa, Aadaraya, Premaya, Sathuta, Duka, Shookaya, Susum, Kandulu, Aya","Gahaniya, Kandulu, Duka, Sathuta, Premaya"
99,Novel,Kawdoo Awidin,Chandrasekara Mallawaarachchi,"Gahaniya, Kanthaawa, Aadaraya, Premaya, Sathuta, Duka, Shookaya, Susum, Kandulu, Aya","Gahaniya, Kandulu, Duka, Sathuta, Premaya"
100,Novel,Ran Samanallu,Chandrasekara Mallawaarachchi,"Gahaniya, Kanthaawa, Aadaraya, Premaya, Sathuta, Duka, Shookaya, Susum, Kandulu, Aya","Gahaniya, Kandulu, Duka, Sathuta, Premaya"
101,Novel,Chaathurya,Edward Mallawaarachchi,"Gahaniya, Kanthaawa, Aadaraya, Premaya, Sathuta, Duka, Shookaya, Susum, Kandulu, Aya","Gahaniya, Kandulu, Duka, Sathuta, Premaya"
102,Novel,Awichara Samay,W.A Silva,"Muhuda, Muhudubada, Raja, Raajadhani, Aithihaasika, Kalpitha, Wiwaahaya, Raju","Muhuda, Raja, Aithihaasika, Kalpitha, Muhudubada"
103,Novel,Paasal Guruvarii,W.A Silva,"Gahaniya, Balaporoththu, Kandulu, Porondu, Nawa Yowun, Sanasuma, Premaya, Sathuta","Gahaniya, Kandulu, Nawa Yowun, Sathuta, Premaya"
104,Novel,Handapaana,W.A Silva,"Gahaniya, Balaporoththu, Kandulu, Porondu, Nawa Yowun, Sanasuma, Premaya, Sathuta","Gahaniya, Kandulu, Nawa Yowun, Sathuta, Premaya"
105,Novel,DaiyaYoogaya,W.A Silva,"Gahaniya, Balaporoththu, Kandulu, Porondu, Nawa Yowun, Sanasuma, Premaya, Sathuta","Gahaniya, Kandulu, Nawa Yowun, Sathuta, Premaya"
106,Novel,Wijayaba Kollaya,W.A Silva,"Raja, Raajadhani, Mahawaasala, Balaporoththu, Duka, Sinhalaya, Kumara, Kumariya, Sanghaya","Raja, Raajadhani, Sinhalaya, Duka, Balaporoththu"
107,Novel,Ridii Hawadiya,W.A Silva,"Minimarum, Aparadha, Malakanda, Police, Pisthoola, Le, Saakshi, Anduru, Biya, Pariikshana","Minimarum, Aparadha, Le, Biya, Pariikshana"
108,Novel,Siriyalatha,W.A Silva,"Shookaya, Wedana, Kanagaatuwa, Gahaniya, Tharuniya, Balaporoththu, Aadaraya, Premaya","Wedana,  Gahaniya, Aadaraya, Balaporoththu, Shookaya"
109,Novel,Kalaa Handa,W.A Silva,"Gahaniya, Susum, Wedana, Duka, Shookaya, Sinahawa, Jeewithaya, Porondu, Police, Sinhalaya","Gahaniya, Susum, Wedana, Sinahawa, Duka"
110,Novel,Saumyaalookaya,Sunethra Raajakarunanayake,"Jeewithaya, Yuddhaya, Koopaya, Aadaraya, Karunaawa, Wiyaru, Sinahawa, Duka, Deshapalanaya","Yuddhaya, Koopaya, Aadaraya, Duka, Wiyaru"
111,Novel,Nandithaya,Sunethra Raajakarunanayake,"Gahaniya, Duka, Sookaya, Deshapalanaya, Sathuta, Nihanda, Winodaya, Praarthana, Premaya","Gahaniya, Duka, Deshapalanaya, Premaya, Sathuta"
112,Novel,Podu Purushayaa,Sunethra Raajakarunanayake,"Gahaniya, Aadaraya, Premaya, Shookaya, Duka, Koopaya, Wedana, Hadawatha, Hageem","Gahaniya, Duka, Wedana, Premaya, Hageem"
113,Novel,Himagira Bhikshuniya,Sunethra Raajakarunanayake,"Abhiyoga, Dushkara, Jaya, Rahas, Batahira, Buddha, Alankaara, Gahaniya, Tharuniya, Hageem","Gahaniya, Hageem, Abhiyoga, Dushkara, Jaya"
114,Novel,Sadhungira Giniganiyi,Sunethra Raajakarunanayake,"Awyaaja, Biya, Kandulu, Shookaya, Lassna, Sinahawa, Aadaraya, Premaya, Sathuta, Hageem","Awyaaja, Biya, Kandulu, Premaya, Sinahawa"
115,Novel,Mathaka Potha,Sunethra Raajakarunanayake,"Gahaniya, Lassana, Wiwaahaya, Alankaara, Maranaya, Buddha, Gama, Jana Jeewithaya, Sathuta","Gahaniya, Sathuta, Gama, Jana Jeewithaya, Maranaya"
116,Novel,Nikmana,Tenisan Perera,"Aadaraya, Premaya, Kandulu, Duka, Shookaya, Susum, Hadawatha, Sathuta, Wedana, Hageem","Premaya, Kanduu, Wedana, Sathuta, Hageem"
117,Novel,Danda Bhuumi,Tenisan Perera,"Waanija, Aarthika, Amaanushika, Adhama, Sanskruthiya, Dhanapathi, Deshapalanaya, Keerthiya","Waanija, Aarthika, Deshapalanaya, Adhama, Amaanushika"
118,Novel,Agni Kalpaya,Tenisan Perera,"Jeewithya, Wimukthiya, Daarshanika, Uddhamanya, Daduwam, Aparadha, Police, Biya, Hageem","Jeewithaya, Wimukthiya, Daarshanika, Aparadha, Biya"
119,Novel,Hithawathiya,R Premadasa,"Aadraya, Premaya, Hadawatha, Kandulu, Duka, Susum, Shookaya, Koopaya, Lassana, Irisiyawa","Premaya, Kandulu, Duka, Susum, Koopaya"
120,Novel,Golu Muhuda,R Premadasa,"Buddha, Kuthuhalaya, Saamaya, Koopaya, Bodu, Thrupthiya, Aathmaya, Hageem, Priya, Apriya","Kuthuhalaya, Saamaya, Koopaya, Hageem, Buddha"
121,Short story,As deka wage minihek,Lenin Amarawikrama,"Nagarikathwaya, Nirmaanaya, Budunwahanse, Pathalaya, Hamudawa, Raathriya, As deka, Duka, Sasmajaya","Nagarikathwaya, Pathalaya, As deka, Duka, Samajaya"
122,Short story,Higanno,Mu. Arukgoda ,"Winodaya, Wiwekaya, Niyogaya, Rajakari, Shokaya, Tharunakma, Duka, Batahirakama, Rassaawa,  Padithuma","Winodaya, Wiwekaya, Shokaya, Duka, Batahirakama"
123,Short story,Katha pahak,Gunadasa Amarasekara,"Charithaya, Wikashanaya, Wedakama, Anduwa, Shishyaththaya, Wiwahaya, Jiwithaya, Igenima, Mahansiya, Shokaya","Wedakama, Wiwahaya, Jiwithaya, Igenima, Mahansiya"
124,Short story,Rathu rosa mala,Gunadasa Amarasekara,"Rosa  mala, Guruwaraya, Tharunawiya, Shishya, Awrudu, Sihinaya, Shokaya, Niwaduwa, Awabodhaya,Gunadasa","Sihinaya, Shokaya, Niwaduwa, Awabodhaya,Gunadasa"
125,Short story,Sirimalee,Wimal Abesundara,"Sirimalee, Buddiya, Wiplawaya, Tharuna, Ruhuna, Meheniya, Horu, Duka, Sathya, Wimal","Buddiya, Wiplawaya, Horu, Duka, Sathya"
126,Short story,EKtamen polowata,Gunadasa Amarasekara,"Awasanaya, Anduwa, Chandaya, Duka, Aurudu, Mandama, Kopaya, Wedanawa, Shokaya","Duka, Mandama, Kopaya, Wedanawa, Shokaya"
127,Short story,Jeewana suwada,Gunadasa Amarasekara,"Kalahaya, Apuru, Mithurukama, Kalaya, Shishya, Wishwa Widyalaya, Igenima, Wibhagaya, Dhawadda","Kalahaya, Mithurukama, Kalaya, Igenima, Wibhagaya"
128,Short story,Premawanthiyo,R.B.Athapaththu,"Awihahaka, Horu, Kopaya, Hisaradaya, Paluwa, Jiwithaya, Shabdaya, Duwilla, Sathuta, Duka","Kopaya,, Paluwa, Jiwithaya, Sathuta, Duka"
129,Short story,Miriguwaka mahima,Inoka Hendhawitharana,"Premaya, Miriguwa, Wibhagaya, Engrisi, Aparadaya, Shokaya, Charithaya, Janapriya, Sathuta, Duka","Premaya, Aparadaya, Shokaya, Sathuta, Duka"
130,Short story,Onchillawa,T.B.Ilanarathnam,"Urumaya, Dhayadaya, Hisaradaya, Awrudu, Onchillawa, Perahara, Hinawa, Widyalaya, Sinhala, Tharuna","Urumaya, Dhayadaya, Perahara, Hinawa, Sinhala"
131,Short story,Sediigiya pata,Samara Wijesinghe,"Dhanaya, Kalaya, Wanantharaya, Thanikama, Balaporoththuwa, Shokaya, Dhonkaraya, Punaruththapanaya, Tharuna, Duka","Dhanaya, Kalaya, Balaporoththuwa, Shokaya, Punaruththapanaya"
132,Short story,Vankagiriya,Piyasili Wijemanna,"Asaranakama, Aurudu, Duppath, Wasanawa, Rajakari, Duka, Senehasa, Gedara,Dhanawath","Duppath, Wasanawa, Duka, Senehasa, Dhanawath"
133,Short story,Adura ei aramata,Madulugirige Wijemanna,"Rathriya, Sithala, Igenima, Rassawa, Shokaya, Adambara, Soldhaduwa, Duka, Thanikama","Sithala, Igenima, Shokaya,  Duka, Thanikama"
134,Short story,Karaththa karayage keviti pahara,Premarathna B.Wadhanda,"Nirogikama, Wsanawa, Winodaya, Uthsahaya, Balaya, Waradda, Jiwithaya, Samajaya, Anukampawa, Manusathbawa","Nirogikama, Wsanawa, Winodaya, Uthsahaya, Balaya"
135,Short story,Mage kathawa,Martin Wikramasighe,"Sathuta, Athmaarthaya, Rassawa, Sinawa, Indirisi, Sinhala, Shokaya, Ahinsaka, Lajjawa, Duppath","Sathuta, Shokaya, Ahinsaka, Lajjawa, Duppath"
136,Short story,Gahaniyak,Martin Wikramasighe,"Sinhala, Raya, Dakshakama, Ugathkama, Aparadaya, Tharaha, Aurudu, Tharuna, Gurukam, Ahinsaka","Dakshakama, Ugathkama, Aparadaya, Tharaha, Ahinsaka"
137,Short story,Magul gedara,Martin Wikramasighe,"Sarasawiya, Aurudu, Buddimath, Biya, Lajjawa, Sinawa, Dweshaya, Martin, Wikramasighe","Lajjawa, Sinawa, Dweshaya, Martin, Wikramasighe"
138,Short story,Billa saha apuuru muhuna,Martin Wikramasighe,"Higanna, Budu Ras, Wesak, Aurudda, Puranaya, Lajjawa, Iskole, Sathutu, Pudumaya, Martin, Wikramasinghe","Lajjawa, Sathutu, Pudumaya, Martin, Wikramasinghe"
139,Short story,Thanithalawa,Sarath Wijesuriya,"Miriguwa, Senehasa, Paliganima, Santhapaya, Shokaya, Samajawadi, Nidhahasa, Deshapalanaya, Jiwithaya, Duka","Senehasa, Paliganima, Santhapaya, Shokaya, Duka"
140,Short story,Adhbhuutha katha,Meemana Karunarathna Premathilaka,"Samawa, Kopaya, Winashaya, Bhithiya, Sanwegaya, Pudumaya, Adhbutha, Edithara, Jiwithaya, Athithaya","Samawa, Kopaya, Bhithiya, Sanwegaya, Pudumaya"
141,Short story,Ekthara prema kathawak,H.A.Senewirathna,"Wishwa Widyalaya, Jiwithaya, Igenima, Gowijanathawa, Iskole, Wiwahaya, Nadayo, Rassawa,aadaraya","Wishwa Widyalaya, Jiwithaya, Igenima, Gowijanathawa, aadaraya"
142,Short story,Dhadayama,J.K.Kumaradasa,"Awasanaya, Dewiyo, Balaporoththuwa, Wiwahaya, Aurudu, Ahinsaka, Kampawa, Arakshawa, Shalyakarmaya, Wedanawa","Balaporoththuwa, Ahinsaka, Kampawa, Arakshawa, Wedanawa"
143,Short story,Athhala dheegaya,A.V.Kumarasena,"Wesak, Rathriya, Poya, Wiwahaya, Jiwithaya, Uddaya, Kadulu, Dakshakama, Pudumaya, Rakiyawa","Wiwahaya, Jiwithaya, Kadulu, Dakshakama, Pudumaya"
144,Short story,Balaporoththuwa,D.M.Kolabage,"Gurukama, Rahasa, Nambuwa, Bhutha Dosha, Puduma, Balaporoththuwa, Rathriya, Aurudu, Duppath, Pidawa","Bhutha Dosha, Puduma, Balaporoththuwa, Duppath, Pidawa"
145,Short story,Dhuppathun nati lokaya,G.B.Senanayaka,"Widyalaya, Shokaya, Aurudu, Shyeshta, Manasika, Widyawa, Wesak, Sahayogaya, Irshyawa, Tharuna","Shokaya, Manasika,Wesak, Sahayogaya, Irshyawa"
146,Short story,Samuganeema saha thawath ketikatha,Kithsiri Kariyapperuma,"Ingrisi, Anduwa, Wedanawa, Biya, Kanagatuwa, Sinhala, Awasanaya, Balaporoththuwa, Jayagrahanaya, Udyogaya, Winashaya","Wedanawa, Biya, Kanagatuwa, Balaporoththuwa, Jayagrahanaya"
147,Short story,Dhimuthu muthu,Dimuthu Kalahe,"Puranaya, Dewlowa, Paniwidaya, Sangramaya, Daiwaya, Satana, Samuduru, Iwasima, Biya, Pudumaya","Puranaya, Sangramaya, Iwasima, Biya, Pudumaya"
148,Short story,Masun maranno,Akmimana K.G.Karunathilaka,"Tharjanaya, Premaya, Wassa, Wiwahaya, Jiwithaya, Irshyawa, Sinahawa, Sathuta, Shokaya","Premaya, Jiwithaya, Irshyawa, Sathuta, Shokaya"
149,Short story,Pituwahal kireema,Kithsiri Kariyapperuma,"Adaraya, Rawatima, Balaporoththuwa, Parithyagaya, Sinhala, Demala, Bhakthiya, Boruwa, Duka","Adaraya, Rawatima, Balaporoththuwa, Parithyagaya, Duka"
150,Short story,Dhawal heena,Dharmasiri Gamage,"Rathriya, Prithiya, Suhadathawa, Jiwithaya, Sancharaka, Madyasthanaya, Aurudu, Balaporoththuwa, Sinahawa, Sathuta","Suhadathawa, Prithiya, Jiwithaya, Balaporoththuwa, Sathuta"
151,Short story,Aluth balaporoththuwak,Saman Pushpa Gunasekara,"Samawa, Adura, Sinawa, Uthsahaya, Kalpanawa, Maranaya, Rakshawa, Uwamanawa, Adaraya, Wedanawa","Samawa, Sinawa, Uthsahaya, Adaraya, Wedanawa"
152,Short story,Heli nokala aadaraya,Sugathamuni Knanasiri,"Awihinsaka, Wedanawa, Duppath, Wiwahaya, Sanwegaya, Sinahawa, Adaraya, Daiwaya, Anukampawa, Tharuna","Awihinsaka, Wedanawa, Duppath, Wiwahaya, Sanwegaya"
153,Short story,Ekalos ginna,Ogastas Winayagarathnam,"Sinahawa, Sathuta, Awasanawa, Uthsahaya, Raya, Prarthanawa, Aramuna, Tharaha, Aurudu, Jiwithaya, Aagama","Sinahawa, Sathuta, Awasanawa, Uthsahaya,Tharaha"
154,Short story,Kuda dhosthara- Maha Disapathi,Miniwan P.Thilakarathna,"Athithaya, Sohona, Rakiyawa, Sewaya, Anagathaya, Sinhala, Maranaya, Guruwaraya, Dosthara,Rajaya","Athithaya, Anagathaya, Sinhala, Maranaya,Rajaya"
155,Short story,Handhayaya,Miniwan P.Thilakarathna,"Mathiwaranaya, Anduwa, Kanagatuwa, Bhayanaka, Barapathalakama, Udauwa, Parithyagaya, Balaporoththuwa, Udgoshanaya, Sanwidhanaya","Kanagatuwa, Bhayanaka, Udauwa, Parithyagaya, Balaporoththuwa"
156,Short story,Aiya wage kenek,Gunasena Withana,"Duka, Puduma, Rakiyawa, Winodaya, Manusathkama, Kalabalaya, Kalakirima, Tharjanaya, Shokaya, Sathuta","Duka, Puduma, Winodaya, Shokaya, Sathuta"
157,Short story,Midhulak nati gedara,Rathnapala withana,"Jathiya, Aurudu, Higanna, Paluwa, Kadulu, Duppath, Balaporoththuwa, Niskalanka, Ugaththu, Kopaya, Wihiluwa","Paluwa, Duppath, Balaporoththuwa,Kopaya, Wihiluwa"
158,Short story,Dharana puuja,Maussagolle Sirisumana,"Kmaththa, Rathriya, Wahallu, Diyunuwa, Maranaya, Aurudu, Aparadaya, Shokaya, Upasthanaya, Tharjanaya","Diyunuwa, Maranaya, Aparadaya, Shokaya, Upasthanaya"
159,Short story,Nishantha Maya saha tawath katha,J.Jayaneththi,"Thrasaya,wishmaya,kuthuhalaya,premaya,wirahawa,shokaya,sathuta,kopaya,awiiyaja","thrasaya,kuthuhalaya,premaya,wirahawa,sathuta,kopaya"
160,Short story,Nataka atak,Martin Wikramasighe,"Sinhala, Nirbhaya, Kanagatuwa, Poronduwa, Mahansiya, Aalaya, Wiwahaya, Igenima, Wiwahaya, Adaraya","Kanagatuwa, Poronduwa, Mahansiya, Wiwahaya, Adaraya"
161,Aesthetics,Sigiri Gee(351-685),Nandhasena Mudiyanse,"kawya,Ithihasaya,Sigiri yugaya,gee,Parani,Sinhala,Gaburu,Bhasahawa,Sthana,Shathawarsha,Shokaya,Premaya,Sanskruthika,Janaprawada,Gaburubasa","kawya,ithihasaya,parani,gee,sigiri yugaya"
162,Aesthetics,Kolamba Kawya Sangitha,Kamal Waleboda,"kawya,Sandas,Janaprawada,Sanskruthika,Kolamba Yugaya,Upama,Puwathpath,Janamadhya,Yatharthaya,Samajaya","kawya,sandas,janaprawada,Kolamba yugaya,Puwathpath"
163,Aesthetics,Kavi nawak Kolambata,K.K.Saman Kumara,"Kawya,Kolamba Yugaya,Sahithya,Shungaraya,Jeewithaya,Premaya,Ithihasaya,Prabandha,Prashastha,Saralabasa,Samajaya,Wirahawa,Nuthana,Nisadas","kawya,Kolamba yugaya,premaya,jeewithaya"
164,Aesthetics,Wasi diya dhahara,Saman Chandra Ranasinghe,"Kawya,Nuthana,Sanskruthika,Samajaya,Shokaya,Wideshiya,Sandas,Yatharthaya,Uputaganiim,Wiwida,Rasaswadaya","kawya,Nuthana,Samajaya,Shokaya,Wideshiya"
165,Aesthetics,Manusiritha saha Helakavi Sanwada,Jayamaha Piyasena,"Kawya,Parani,Sirithwirith,Rasaswadhaya,Helahaula,Samajaya,Adhyapanaika,kath,Jeewithaya,Rasacnayatawa,Praudhathwaya","kawya,parani,sirithwirith,samajaya,rasaswadhaya"
166,Aesthetics,Kawyashekaraya,Kirialle Cnanawimala Swamin Wahanse,"Kawya,Parani,Jathakakatha,Bhashawa,Budhudhama,Sahithya,Rajadawasa,Bharathaya,Wideshiya,Gaburubasa","kawya,parani,Budhudhama,rajadawasa,gaburubasa"
167,Aesthetics,Padma Thatakaya,Sunil Sarath Perera,"Kawya,Geethaya,Nuthana,Janaprawada,Bhashawa,Roopaka,Sangeethaya,Parisaraya,Swabadhama,Adyathmika,Saralabasa","kawya,geethaya,nuthana,janaprawada,saralabasa"
168,Aesthetics,Kalpalatha,Dharshana Rathnayake,"Kawya,Uthantha,Dharshanika,Wichara,Sampradhaya,Sanskruthika,Rasaswadaya,Uputaganiim,Wiwidha","kawya,wichara,wiwidha,rasawadhaya,dharshanika"
169,Aesthetics,Asan Paththini Devathawi,Monika Ruwanpathirana,"Kawya,Kiwidhiya,Sahithya,Wichara,Kanthawa,Shokaya,Samajaya,Purawurtha,Ithihasaya,Gaurawaya,Janaprawada","kawya,kiwidhiya,kanthawa,shokaya,samajaya,premaya"
170,Aesthetics,Mal wadam Sinasiya Yuthuya,Dinu Rajaguru,"Kawya,Nisadas,Saralabasa,Nuthana,Jeewithaya,Shokaya,Athdakim,Premaya,Wirahawa,Samajaya,Yatharthaya","kawya,nisadas,saralabasa,nuthana,jeewithaya,shokaya"
171,Aesthetics,Ima,Janaka Kumara Herath,"Kawya,Katha,Nuthana,Sandas,Charitha,Premaya,Samajaya,Miniskama,Saralabasa,Wirahawa","kawya,sandas,janaprawada,geethaya,saralabasa"
172,Aesthetics,Komala rekha,Sri Chandrarathne Manawasinghe,"Kawya,Gama,Samajaya,Yatharthaya,Parisaraya,Janaprawada,Saralabasa,Premaya,Geethaya,Upama,Janaya","kawya,gama,samajaya,parisaraya,janaprawada,saralabasa,geethaya"
173,Aesthetics,Saraya,Wellala Jayamaha,"Kawya,Gaburubasa,Parani,Janaprawada,Janaya,Sirithwirith,Upadeshathmaka,Siddin,Bhashawa","kawya,parani,gaburubasa,janaprawasa,janaya,sirithwirith,upadeshathmaka"
174,Aesthetics,Subhashithaya,Alagiyewanna Mukewatiya,"Kawya,Saralabasa,Upadeshathmaka,Sahithya,Parani,Budhudahama,Sandesha,Rasaswadaya,Sirithwirith,Janaprawada,Rajadawasa","kawya,saralabasa,upadeshathmaka,parani,budhudahama,janaprawada"
175,Aesthetics,Kavi Sangarawa,S.Godage Publications,"Kawya,Gaburubasa,Parani,Bhashawa,Rasaswadaya,Wiwida,Janaprawada,Purawurtha,Ithihasaya,Wideshiya","kawya,gaburubasa,parani,rasawadaya,wiwidha,janaprawada"
176,Aesthetics,Drohiyage kavipotha,Pathum Ranasinghe,"Kawya,Saralabasa,Nuthana,Yatharthaya,Prabandha,Samajaya,Wiwida,Athdakim,Deshapalanaya,Dharshanika","kawya,saralabasa,nuthana,samajaya,wiwidha,deshapalanaya"
177,Aesthetics,Palugama,Meemana Prematilake,"Kawya,Sanskrutiya,Gama,Janaprawada,Gaburubasa,Kolamba yugaya,Sirithwirith,Samajaya,Miniskama,Jeewithaya,Parisaraya","kawya,gama,janaprawada,gaburubasa,kolamba yugaya,sirithwirith,samajaya"
178,Aesthetics,Premaya nohoth Maranya,Sujeewa Niranjani Rathnayake,"Kawya,Saralabasa,Nuthana,Nisadas,Premaya,Wirahawa,Yatharthaya,Samajaya,Athdakim,Prabanda,Maranaya,Athmiya","kawya,saralabasa,nuthana,nisadas,premaya,samajaya,maranaya"
179,Aesthetics,Handa bin Panguwa,Asanka Ruwan Sagara,"Kawya,Nuthana,Saralabasa,Swabadhama,Parisaraya,Samajaya,Jeewithaya,Wiwida,Nisadas,Sthana,Budhudhama,Gama","kawya,nuthana,saralbasa,parisaraya,samajaya,jeewithaya,wiwidha,nisadas,gama"
180,Aesthetics,Pem Dhahana,Pransis Bulathsinhale,"Kawya,Charitha,Kiwidhiya,Kanthawa,Wirahawa,Premaya,Shokaya,Sandas,Rasaswadaya,Saralabasa,Miniskama","kawya,charitha,kiwidhiya,kanthawa,premaya,shokaya,sandas,rasaswadhaya"
181,Aesthetics,Kawya Sewanaya,Mahagamasekara,"Kawya,Charitha,Parani,Saralabasa,Rasaswadaya,Wiwida,Premaya,Shungaraya,Miniskama,Gama,Athdakim,Yatharthaya","kawya,charitha,parani,saralabasa,rasawadhaya,premaya,gama"
182,Aesthetics,Greeka natya Sampradhaya,Walter Marasinghe,"Natya,Wideshiya,Greeka,Wedika,Purawurtha,Parani,Bhashawa,Shailaya,Prabanda,Wartha,Rasaswadaya","natya,wideshiya,wedika,purawurtha,parani,wartha,rasawadaya"
183,Aesthetics,Asirimath rangana kalawa,Ben Rasanak,"Natya,Charitha,Wedika,Hagim,Puhunuwa,Adyapanika,Prasangika,Yatharthaya,Saralabasa","natya,charitha,wedika,adyapanika,prasangika,saralabasa"
184,Aesthetics,Shakespear ha Hamlet,P.S.B.Senanayake,"Natya,Charitha,Shakespear,Wedika,Wideshiya,Pariwarthana,Parani,Parikalpanaya,Sahithya,Prabanda,Wedika,Nirmana","natya,charitha,wedika,shakespear,wideshiya,parani,nirmana"
185,Aesthetics,Sudho Sudu,Parakrama Niriella,"Natya,Kawya,Pitapath,Debas,Nawathaliwima,Samajaya,Gams,Teernataka,Kathawa,Nirmana","natya,prasangika,narthanaya,sangeetha,samajaya,gama,nirmana"
186,Aesthetics,Prasangika kala,Mangalika Jayathunga,"Natya,Prasangika,Narthanaya,Sangeethaya,Samajaya,Parani,Sarlabasa,Wiwida,Abhinaya,Upadeshathmaka","natya,prasangika,narthanaya,sangeethaya,samajaya,parani,saralabasa,upadeshathmaka"
187,Aesthetics,Natyashastra(Dwitiya Bhagaya),Walter Marasinghe,"Natya,Parani,Purawurtha,Wideshiya,Puhunuwa,Abhinaya,Upadeshathmaka,Sanskruthika,Pitapath","natya,parani,wideshiya,upadeshathmaka,pitapath,puhunuwa"
188,Aesthetics,Chitrapata Siddanta ha wichara,Chandrasiri Palleguru,"Natya,Sinama,Adyapanika,Prasangika,Sidhdhantha,Wichara,Rasaswadaya,Wartha,Yatharthaya,Bhashawa,Charitha,Handunwadeem","natya,sinama,adyapanika,prasangika,wichara,rasaswadaya,wartha"
189,Aesthetics,Rashomon,Prof.Ariya Rajakaruna,"Natya,Saralabasa,Wideshiya,Pariwarthana,Pitapath,Wiwida,Nirmanaya,handunwadeem,Rasawadaya","natya,saralabasa,wideshiya,pariwarthana,pitapath,wiwidha,nirmanaya"
190,Aesthetics,Sinema Rupa Ridhmaya,Chandana Silva,"Natya,Sinama,Adyapanika,Prasangika,Handunwadeem,Saralabasa,Rasasawadaya","natya,sinama,adyapanika,prasangika,hadunwadeem,saralabsa,rasawadaya"
191,Aesthetics,Doloswana Rathriya,Pushparani Wickramarathne,"Natya,Shakespear,Parani,Wedika,Wideshiya,Rasaswadaya,Prabanda,Charitha,Pariwarthana,Sahithya,Nirmanaya,Parikalpana","natya,shakespear,parani,wedika,wideshiya,rasaswadhaya,charitha,nirmanaya"
192,Aesthetics,Sangitha Adyapanaye Gamanmaga,Iranga Samindhani Weerakkodi,"Sangeetha,Peradiga,Saralabasa,Handunwadeem,Wideshiya,Bharathaya,Adyapanika,Upadeshanathmaka","sangeetha,peradiga,saralabasa,handuwaseem,wideshiya,bharathaya,adyapanika"
193,Aesthetics,Geethasikshaka,M.G.Perera,"Sangeetha,Parani,Gaburubasa,Upadeshanathmaka,Adyapanika,Handunwadeem,Peradiga","sangeetha,parani,gaburubasa,upadeshathmaka,adyapanika,peradiga"
194,Aesthetics,Sindu Wimasuma,Manori Manamperi,"Sangeetha,Peradiga,Geethaya,Saralabasa,Nuthana,Rasawadaya,Handunwadeem,Parikalpana,Nirmanaya","sanageetha,peradiga,geethaya,saralabasa,nuthana,rasaswadhaya"
195,Aesthetics,Siddantha Sambhawya sangeethaya,Shanthi Geethadeva,"Sangeetha,Sambawya,Siddantha,Adyapanika,Rasawadaya,Upadeshathmaka,Wistharathmaka,","sangeetha,sambawya,adyapanika,rasaswadhaya,upadeshathmaka"
196,Aesthetics,Gee Sara Muwaradha(Dr.Pandit.Amaradeva),NJCT Publication,"Sangeetha,Charitha,Amaradewa,Peradiga,,Geethaya,Rasaswadaya,Wistharathmaka,Yatharthaya,Sambawya,Budhudhama","sangeetha,charitha,amaradewa,peradiga,geethaya,peradiga,,rasaswadaya"
197,Aesthetics,Gammane upan Geethaya,Rohana Baddaghe,"Sangeetha,Charitha,Baddage,Deshiya,Gama,Nirmanaya,Saralabasa,Samajaya,Warthawa,Geethaya","sangeetha,charitha,baddage,peradiga,geethaya,saralabasa ,samajaya,wartha"
198,Aesthetics,Lankawe Sangeetha Sambhawaya,C da S .Kulathilake,"Sangeetha,Sambawya,Rasaswadaya,Adyapanika,Parikalpana,Nirmanaya,Wartha","sangeetha,rasaswadhaya,adyapanika,nirmanaya,wartha"
199,Aesthetics,Wadayakayaku Bihiwima,Amaranath Ranathunga,"Sangeetha,Wadanaya,Adyapanika,Upaseshathmaka,Adunika,Parikalpana,Nirmanaya","sangeetha,wadanaya,adyapanika,upadeshathmaka,nirmanaya"
200,Aesthetics,Udarata Sangeethaya,Pranith Abhayasundara,"Sangeetha,Deshiya,Peradiga.Pariwarthana,Ithihasaya,Purawurtha,Janaprawada,Udarata","sangeetha,peradiga,psariwarthana,ithihasaya,janaprawadha"
